<?xml version="1.0" encoding="UTF-8"?>
<launch>

    <arg name="use_sim_time" default="False"/>
    <arg name="robot_name" default="fastbot"/>
    <arg name="serial_port" default="/dev/ttyUSB0"/>
    <arg name="baud_rate" default="57600"/>
    <arg name="loop_rate" default="30"/>
    <arg name="encoder_cpr" default="1320"/>

    <!-- Differential serial motor driver -->
    <include file="$(find-pkg-share serial_motor)/launch/serial_motor.launch.py">
        <arg name="robot_name" value="$(var robot_name)"/>
        <arg name="serial_port" value="$(var serial_port)"/>
        <arg name="baud_rate" value="$(var baud_rate)"/>
        <arg name="loop_rate" value="$(var loop_rate)"/>
        <arg name="encoder_cpr" value="$(var encoder_cpr)"/>
    </include>

</launch>