Timestamp,Channel,Pose_X,Pose_Y,Pose_Theta,eCO2,TVOC,AQI,R0,R1,R2,R3
2025-12-16T19:52:19.276874,1,0.028722742592998268,0.01942200438853406,0.012819674484339004,423.0,34.0,1.0,723360.0,1.0,1959893.0,67631.0
2025-12-16T19:52:19.374141,2,0.028722742592998268,0.01942200438853406,0.012819674484339004,419.0,32.0,1.0,1014710.0,1.0,1878706.0,69440.0
2025-12-16T19:52:19.473202,3,0.028722742592998268,0.01942200438853406,0.012819674484339004,409.0,28.0,1.0,735954.0,1.0,1554340.0,64262.0
2025-12-16T19:52:19.575156,4,0.028722742592998268,0.01942200438853406,0.012819674484339004,400.0,22.0,1.0,1123531.0,1.0,2188518.0,84102.0
2025-12-16T19:52:20.273962,2,0.028722742592998268,0.01942200438853406,0.012819674484339004,425.0,35.0,1.0,993639.0,1.0,1857211.0,69019.0
2025-12-16T19:52:20.373842,3,0.028722742592998268,0.01942200438853406,0.012819674484339004,416.0,31.0,1.0,747249.0,1.0,1549613.0,63850.0
2025-12-16T19:52:20.472947,4,0.028722742592998268,0.01942200438853406,0.012819674484339004,418.0,32.0,1.0,1120873.0,1.0,2153981.0,82244.0
2025-12-16T19:52:21.271556,1,0.028722742592998268,0.01942200438853406,0.012819674484339004,415.0,30.0,1.0,726058.0,1.0,1980564.0,68160.0
2025-12-16T19:52:21.374058,3,0.028722742592998268,0.01942200438853406,0.012819674484339004,425.0,35.0,1.0,735705.0,1.0,1563309.0,63312.0
2025-12-16T19:52:21.472981,4,0.028722742592998268,0.01942200438853406,0.012819674484339004,407.0,27.0,1.0,1090193.0,1.0,2144524.0,83140.0
2025-12-16T19:52:22.273617,1,0.028722742592998268,0.01942200438853406,0.012819674484339004,417.0,31.0,1.0,719697.0,1.0,1956579.0,68044.0
2025-12-16T19:52:22.375246,2,0.028722742592998268,0.01942200438853406,0.012819674484339004,420.0,33.0,1.0,990282.0,1.0,1826047.0,69346.0
2025-12-16T19:52:22.473907,3,0.028722742592998268,0.01942200438853406,0.012819674484339004,411.0,29.0,1.0,760517.0,1.0,1551187.0,64153.0
2025-12-16T19:52:22.576349,4,0.028722742592998268,0.01942200438853406,0.012819674484339004,420.0,33.0,1.0,1115197.0,1.0,2163479.0,82105.0
2025-12-16T19:52:23.274054,1,0.028722742592998268,0.01942200438853406,0.012819674484339004,422.0,34.0,1.0,726058.0,1.0,1938125.0,67700.0
2025-12-16T19:52:23.375816,2,0.028722742592998268,0.01942200438853406,0.012819674484339004,410.0,28.0,1.0,1028541.0,1.0,1849058.0,70030.0
2025-12-16T19:52:23.471778,3,0.028722742592998268,0.01942200438853406,0.012819674484339004,426.0,35.0,1.0,764646.0,1.0,1552763.0,63226.0
2025-12-16T19:52:23.576122,4,0.028722742592998268,0.01942200438853406,0.012819674484339004,438.0,41.0,1.0,1099456.0,1.0,2157629.0,80700.0
2025-12-16T19:52:24.275296,1,0.028722742592998268,0.01942200438853406,0.012819674484339004,421.0,33.0,1.0,738200.0,1.0,1980564.0,67814.0
2025-12-16T19:52:24.376093,2,0.028722742592998268,0.01942200438853406,0.012819674484339004,423.0,34.0,1.0,991959.0,1.0,1844058.0,69182.0
2025-12-16T19:52:24.474998,3,0.028722742592998268,0.01942200438853406,0.012819674484339004,400.0,20.0,1.0,731980.0,1.0,1562780.0,65336.0
2025-12-16T19:52:24.574431,4,0.028722742592998268,0.01942200438853406,0.012819674484339004,401.0,24.0,1.0,1133462.0,1.0,2183340.0,83648.0
2025-12-16T19:52:25.273400,1,0.028722742592998268,0.01942200438853406,0.012819674484339004,424.0,34.0,1.0,723605.0,1.0,1961884.0,67608.0
2025-12-16T19:52:25.376021,2,0.028722742592998268,0.01942200438853406,0.012819674484339004,412.0,29.0,1.0,1021256.0,1.0,1843434.0,69912.0
2025-12-16T19:52:25.472415,3,0.028722742592998268,0.01942200438853406,0.012819674484339004,417.0,31.0,1.0,750036.0,1.0,1549088.0,63806.0
2025-12-16T19:52:25.575304,4,0.028722742592998268,0.01942200438853406,0.012819674484339004,420.0,33.0,1.0,1120493.0,1.0,2167143.0,82105.0
2025-12-16T19:52:26.275003,1,0.028722742592998268,0.01942200438853406,0.012819674484339004,428.0,36.0,1.0,737450.0,1.0,1971202.0,67357.0
2025-12-16T19:52:26.372346,2,0.028722742592998268,0.01942200438853406,0.012819674484339004,414.0,30.0,1.0,1023679.0,1.0,1849058.0,69794.0
2025-12-16T19:52:26.472921,3,0.028722742592998268,0.01942200438853406,0.012819674484339004,418.0,32.0,1.0,760774.0,1.0,1553288.0,63742.0
2025-12-16T19:52:26.573849,4,0.028722742592998268,0.01942200438853406,0.012819674484339004,408.0,27.0,1.0,1097226.0,1.0,2143799.0,83084.0
2025-12-16T19:52:27.276109,1,0.028722742592998268,0.01942200438853406,0.012819674484339004,422.0,34.0,1.0,721404.0,1.0,1981905.0,67700.0
2025-12-16T19:52:27.373642,2,0.028722742592998268,0.01942200438853406,0.012819674484339004,400.0,24.0,1.0,1001404.0,1.0,1853444.0,70769.0
2025-12-16T19:52:27.474121,3,0.028722742592998268,0.01942200438853406,0.012819674484339004,424.0,34.0,1.0,768798.0,1.0,1549088.0,63376.0
2025-12-16T19:52:27.574114,4,0.028722742592998268,0.01942200438853406,0.012819674484339004,405.0,26.0,1.0,1100946.0,1.0,2170079.0,83365.0
2025-12-16T19:52:28.273170,1,0.028722742592998268,0.01942200438853406,0.012819674484339004,427.0,36.0,1.0,729507.0,1.0,1971869.0,67403.0
2025-12-16T19:52:28.374679,2,0.028722742592998268,0.01942200438853406,0.012819674484339004,410.0,28.0,1.0,1018150.0,1.0,1849684.0,70054.0
2025-12-16T19:52:28.473289,3,0.028722742592998268,0.01942200438853406,0.012819674484339004,407.0,27.0,1.0,756665.0,1.0,1559082.0,64392.0
2025-12-16T19:52:28.578498,4,0.028722742592998268,0.01942200438853406,0.012819674484339004,425.0,35.0,1.0,1126959.0,1.0,2201147.0,81717.0
2025-12-16T19:52:29.272141,1,0.028722742592998268,0.01942200438853406,0.012819674484339004,408.0,27.0,1.0,733220.0,1.0,1994691.0,68623.0
2025-12-16T19:52:29.371983,2,0.028722742592998268,0.01942200438853406,0.012819674484339004,426.0,35.0,1.0,991623.0,1.0,1827902.0,68972.0
2025-12-16T19:52:29.475045,3,0.028722742592998268,0.01942200438853406,0.012819674484339004,419.0,32.0,1.0,753598.0,1.0,1530846.0,63677.0
2025-12-16T19:52:29.573760,4,0.028722742592998268,0.01942200438853406,0.012819674484339004,434.0,39.0,1.0,1087981.0,1.0,2180386.0,81001.0
2025-12-16T19:52:30.275604,1,0.028722742592998268,0.01942200438853406,0.012819674484339004,410.0,28.0,1.0,732228.0,1.0,1957904.0,68530.0
2025-12-16T19:52:30.375027,2,0.028722742592998268,0.01942200438853406,0.012819674484339004,419.0,32.0,1.0,1001743.0,1.0,1849058.0,69417.0
2025-12-16T19:52:30.472148,3,0.028722742592998268,0.01942200438853406,0.012819674484339004,430.0,37.0,1.0,746491.0,1.0,1529810.0,63012.0
2025-12-16T19:52:30.571279,4,0.02872274259299827,0.01942200438853406,0.012819674484339004,418.0,32.0,1.0,1134613.0,1.0,2151795.0,82300.0
2025-12-16T19:52:31.272558,1,0.028722742592998268,0.01942200438853406,0.012819674484339004,418.0,32.0,1.0,733716.0,1.0,1996718.0,67975.0
2025-12-16T19:52:31.375857,2,0.028722742592998268,0.01942200438853406,0.012819674484339004,422.0,33.0,1.0,996670.0,1.0,1837827.0,69253.0
2025-12-16T19:52:31.474237,3,0.028722742592998268,0.01942200438853406,0.012819674484339004,406.0,26.0,1.0,769319.0,1.0,1555919.0,64501.0
2025-12-16T19:52:31.575397,4,0.028722742592998264,0.01942200438853406,0.012819674484339004,430.0,37.0,1.0,1099456.0,1.0,2158359.0,81358.0
2025-12-16T19:52:32.272124,1,0.1006534834877959,0.010956866435170971,-0.14039259588717606,406.0,26.0,1.0,722871.0,1.0,1965207.0,68809.0
2025-12-16T19:52:32.373585,2,0.12261734186116517,0.009003476710081273,-0.17849453219028072,419.0,32.0,1.0,1008206.0,1.0,1842187.0,69440.0
2025-12-16T19:52:32.474355,3,0.14267620914064413,0.00617474690203002,-0.21946284627845625,400.0,19.0,1.0,777696.0,1.0,1535516.0,65536.0
2025-12-16T19:52:32.573339,4,0.1610471679640455,0.0024373627182163113,-0.25570897042901664,431.0,38.0,1.0,1102064.0,1.0,2190000.0,81276.0
2025-12-16T19:52:33.272304,1,0.279689621542602,-0.05025026736789745,-0.5313188469169688,421.0,33.0,1.0,728520.0,1.0,1971869.0,67792.0
2025-12-16T19:52:33.372539,2,0.31941934100608166,-0.061905932470366146,-0.5655077368796377,413.0,30.0,1.0,1017117.0,1.0,1869193.0,69817.0
2025-12-16T19:52:33.473286,3,0.3565836711668599,-0.07393427701753834,-0.5993046295000065,414.0,30.0,1.0,760002.0,1.0,1566487.0,63979.0
2025-12-16T19:52:33.573057,4,0.3712975828633407,-0.08487535763253663,-0.6358898351510186,414.0,30.0,1.0,1114819.0,1.0,2169345.0,82607.0
2025-12-16T19:52:34.273340,1,0.4934624234522093,-0.19173163495652606,-0.9061935742850201,400.0,24.0,1.0,710981.0,1.0,1989971.0,69182.0
2025-12-16T19:52:34.373668,2,0.5041128943103694,-0.20662987543155717,-0.9509055719323299,426.0,35.0,1.0,999035.0,1.0,1840317.0,68972.0
2025-12-16T19:52:34.471948,3,0.5240838834561463,-0.22387084162596568,-0.9850717653899859,400.0,23.0,1.0,738200.0,1.0,1548564.0,64917.0
2025-12-16T19:52:34.574159,4,0.5745280959587399,-0.24553317362360624,-0.9988070989506738,400.0,24.0,1.0,1089086.0,1.0,2204875.0,83761.0
2025-12-16T19:52:35.272933,1,0.6392051731450218,-0.35752681207844983,-0.9879746877301879,426.0,35.0,1.0,725567.0,1.0,2006201.0,67448.0
2025-12-16T19:52:35.373320,2,0.6495334082195636,-0.37334047525745984,-0.9845097812445938,419.0,32.0,1.0,989612.0,1.0,1846556.0,69464.0
2025-12-16T19:52:35.474080,4,0.6601615432067665,-0.38908182284106874,-0.9852608371590915,436.0,40.0,1.0,1123531.0,1.0,2125017.0,80892.0
2025-12-16T19:52:36.274376,1,0.7445328453563623,-0.5157632598145827,-0.9904931842792396,411.0,29.0,1.0,719941.0,1.0,1986606.0,68437.0
2025-12-16T19:52:36.373190,2,0.7552457006750367,-0.5316845562687892,-0.991240915492316,427.0,36.0,1.0,1007524.0,1.0,1840940.0,68925.0
2025-12-16T19:52:36.474436,3,0.7659402925003036,-0.5476535023199365,-0.9907572671149998,421.0,33.0,1.0,758717.0,1.0,1553288.0,63569.0
2025-12-16T19:52:36.573614,4,0.7768726250600498,-0.5633430144711642,-0.9885388073673143,418.0,32.0,1.0,1103931.0,1.0,2216097.0,82300.0
2025-12-16T19:52:37.274401,1,0.828226435598748,-0.6676929317543409,-0.9967242350026659,410.0,28.0,1.0,723360.0,1.0,1968535.0,68530.0
2025-12-16T19:52:37.375857,2,0.8386447491430006,-0.6836428128455118,-0.996717808278317,421.0,33.0,1.0,991288.0,1.0,1832238.0,69323.0
2025-12-16T19:52:37.472128,3,0.8491722762656636,-0.6999951163663596,-0.9954829686593182,410.0,28.0,1.0,742208.0,1.0,1552763.0,64240.0
2025-12-16T19:52:37.575971,4,0.8597859450986081,-0.7159543896098682,-0.9952267970465822,419.0,32.0,1.0,1114065.0,1.0,2190000.0,82216.0
2025-12-16T19:52:38.277054,1,0.9363938766613941,-0.8269474611883663,-1.0053776555517653,423.0,34.0,1.0,725321.0,1.0,1980564.0,67654.0
2025-12-16T19:52:38.371133,2,0.956945795626651,-0.8365542883297185,-1.0013980033394771,433.0,38.0,1.0,1015053.0,1.0,1866032.0,68530.0
2025-12-16T19:52:38.472548,3,0.9666928255703209,-0.8526243541560766,-1.0406534844720605,412.0,29.0,1.0,760517.0,1.0,1546469.0,64109.0
2025-12-16T19:52:38.573573,4,0.9755418282407634,-0.868970748822251,-1.080002495740647,426.0,35.0,1.0,1106924.0,1.0,2140174.0,81634.0
2025-12-16T19:52:39.271736,2,1.0189150184541322,-0.9926152044467016,-1.36787568271836,424.0,34.0,1.0,974984.0,1.0,1819877.0,69135.0
2025-12-16T19:52:39.374220,3,1.0216747021452077,-1.010590213689918,-1.4058911313115476,416.0,31.0,1.0,749275.0,1.0,1568609.0,63893.0
2025-12-16T19:52:39.473072,4,1.0255420380092206,-1.029562156733523,-1.4331482540670255,407.0,27.0,1.0,1103557.0,1.0,2203383.0,83140.0
2025-12-16T19:52:40.274207,1,1.0393834921328613,-1.153632347941167,-1.4776253796841479,403.0,25.0,1.0,716780.0,1.0,1977216.0,68995.0
2025-12-16T19:52:40.374123,2,1.0406412714599096,-1.1724649073096554,-1.4743415955501793,422.0,34.0,1.0,1007183.0,1.0,1844058.0,69229.0
2025-12-16T19:52:40.471334,3,1.0423628935691962,-1.1918932236823354,-1.4699159964437427,431.0,38.0,1.0,737201.0,1.0,1540201.0,62927.0
2025-12-16T19:52:40.574175,4,1.0448170784477049,-1.2109043650906048,-1.4691928681882005,436.0,40.0,1.0,1117085.0,1.0,2187038.0,80864.0
2025-12-16T19:52:41.272962,1,1.0702522791974476,-1.3431901709372767,-1.2584792536370462,414.0,30.0,1.0,746238.0,1.0,2008239.0,68229.0
2025-12-16T19:52:41.373468,2,1.0754945837266439,-1.361070729213555,-1.2180489862541202,423.0,34.0,1.0,1013680.0,1.0,1847181.0,69182.0
2025-12-16T19:52:41.474158,3,1.081759839243472,-1.378599628612069,-1.1779448953317124,431.0,38.0,1.0,746996.0,1.0,1523610.0,62948.0
2025-12-16T19:52:41.573202,4,1.0902362152894396,-1.3952798969073914,-1.1364989189618107,412.0,29.0,1.0,1106924.0,1.0,2175963.0,82803.0
2025-12-16T19:52:42.273063,1,1.178248314854637,-1.4928041065486222,-0.831202389327215,424.0,34.0,1.0,724831.0,1.0,1994691.0,67631.0
2025-12-16T19:52:42.373513,2,1.1941963601924044,-1.5033249336464731,-0.7855468543242078,412.0,29.0,1.0,1004459.0,1.0,1829140.0,69912.0
2025-12-16T19:52:42.471806,3,1.2071774051053228,-1.5167132548599385,-0.7478329375444049,434.0,39.0,1.0,741957.0,1.0,1543332.0,62757.0
2025-12-16T19:52:42.575937,4,1.220707687480271,-1.5292234863227296,-0.7127764973411551,428.0,36.0,1.0,1112558.0,1.0,2177436.0,81469.0
2025-12-16T19:52:43.272740,1,1.3485525931336257,-1.5871549954155282,-0.40792050276604835,400.0,22.0,1.0,726304.0,1.0,1977885.0,69417.0
2025-12-16T19:52:43.377866,2,1.375645802136452,-1.5886353680691367,-0.35520834371937426,407.0,27.0,1.0,1017117.0,1.0,1837827.0,70268.0
2025-12-16T19:52:43.472990,3,1.3938788843384118,-1.595287573222669,-0.3163030617400818,427.0,36.0,1.0,756922.0,1.0,1544377.0,63205.0
2025-12-16T19:52:43.575205,4,1.4113056822922938,-1.6017535551286493,-0.27773053488631844,424.0,34.0,1.0,1100573.0,1.0,2154710.0,81828.0
2025-12-16T19:52:44.272997,1,1.4505439378151028,-1.6022297684376925,-0.20559735701133222,434.0,39.0,1.0,727288.0,1.0,1971202.0,66993.0
2025-12-16T19:52:44.372167,3,1.4505439378151028,-1.6022297684376925,-0.20559735701133222,426.0,35.0,1.0,746996.0,1.0,1552237.0,63247.0
2025-12-16T19:52:44.471945,4,1.4506053136779418,-1.60212135843107,-0.20541377392900262,427.0,36.0,1.0,1111429.0,1.0,2197425.0,81579.0
2025-12-16T19:52:45.271578,1,1.3431074606322244,-1.563504382280392,-0.22598535688544402,425.0,35.0,1.0,720428.0,1.0,1961884.0,67562.0
2025-12-16T19:52:45.373310,2,1.3252667080969742,-1.5587667097835805,-0.2257395816119528,430.0,37.0,1.0,989277.0,1.0,1837827.0,68716.0
2025-12-16T19:52:45.472842,3,1.307311575561952,-1.554006178383478,-0.22748945930034228,433.0,38.0,1.0,740201.0,1.0,1535516.0,62842.0
2025-12-16T19:52:45.573955,4,1.2900114367301774,-1.5492760444156566,-0.22575680334010584,416.0,31.0,1.0,1120873.0,1.0,2158359.0,82439.0
2025-12-16T19:52:46.272914,1,1.2637184313091023,-1.5461027270243652,-0.23043681712730532,417.0,31.0,1.0,730990.0,1.0,1969868.0,68114.0
2025-12-16T19:52:46.373867,2,1.2637184313091023,-1.5461027270243652,-0.23043681712730532,421.0,33.0,1.0,1020911.0,1.0,1836584.0,69276.0
2025-12-16T19:52:46.471812,3,1.2637184313091023,-1.5461027270243652,-0.23043681712730532,419.0,32.0,1.0,752324.0,1.0,1543332.0,63699.0
2025-12-16T19:52:46.572707,4,1.2637184313091023,-1.5461027270243652,-0.23043681712730532,421.0,33.0,1.0,1086877.0,1.0,2182601.0,82077.0
2025-12-16T19:52:47.273486,1,1.2704849108048226,-1.5472138031644849,-0.19387123418276264,434.0,39.0,1.0,734959.0,1.0,2006880.0,66948.0
2025-12-16T19:52:47.373125,2,1.2731814715592678,-1.54600647380607,-0.16727128367838417,423.0,34.0,1.0,1022294.0,1.0,1849684.0,69182.0
2025-12-16T19:52:47.472251,3,1.2755214693635473,-1.5434004097777299,-0.13472110406809523,432.0,38.0,1.0,735208.0,1.0,1550137.0,62885.0
2025-12-16T19:52:47.574530,4,1.2776590667117367,-1.5420014154099417,-0.10688189819507932,428.0,36.0,1.0,1124673.0,1.0,2170814.0,81469.0
2025-12-16T19:52:48.272460,1,1.2745310302745274,-1.5451729532932952,0.18774935753001995,427.0,36.0,1.0,726304.0,1.0,1946012.0,67448.0
2025-12-16T19:52:48.371824,2,1.2742686715592662,-1.5441083318672408,0.2226260007629015,429.0,37.0,1.0,989277.0,1.0,1864770.0,68785.0
2025-12-16T19:52:48.472505,3,1.27441979848429,-1.5441184211649572,0.26143484997336597,425.0,35.0,1.0,753089.0,1.0,1536556.0,63312.0
2025-12-16T19:52:49.273304,1,1.2805578370767796,-1.5219715213915972,0.5765811401833778,424.0,34.0,1.0,728520.0,1.0,1965207.0,67654.0
2025-12-16T19:52:49.375062,2,1.2831289135973991,-1.5196533486903194,0.6251422549237736,442.0,43.0,1.0,1017117.0,1.0,1839072.0,67929.0
2025-12-16T19:52:49.471633,3,1.2825182972195919,-1.5181493034048752,0.6753302364311504,432.0,38.0,1.0,748515.0,1.0,1547516.0,62906.0
2025-12-16T19:52:49.572168,4,1.2825214964193883,-1.5173959212447385,0.7178872507675688,429.0,37.0,1.0,1102064.0,1.0,2156899.0,81386.0
2025-12-16T19:52:50.272618,1,1.3000575252015947,-1.5074699083340812,0.9777309796924998,422.0,33.0,1.0,706663.0,1.0,1953271.0,67792.0
2025-12-16T19:52:50.376605,2,1.3041118689014557,-1.5038981384025323,1.016225346130937,434.0,39.0,1.0,977296.0,1.0,1845307.0,68437.0
2025-12-16T19:52:50.472981,3,1.3100517826117417,-1.4993019004386898,1.0619990516969813,421.0,33.0,1.0,753854.0,1.0,1546469.0,63591.0
2025-12-16T19:52:50.575476,4,1.3105137876566053,-1.4994462551378862,1.104027318952818,418.0,32.0,1.0,1111052.0,1.0,2163479.0,82272.0
2025-12-16T19:52:51.272125,1,1.3389265891360767,-1.4017520349384494,1.1890946228057153,426.0,35.0,1.0,726550.0,1.0,1979224.0,67517.0
2025-12-16T19:52:51.376951,2,1.3457785924843708,-1.3833352580290574,1.1869006027596034,421.0,33.0,1.0,993639.0,1.0,1855955.0,69276.0
2025-12-16T19:52:51.471598,3,1.3540146620902054,-1.363667320632089,1.1876391689996997,425.0,35.0,1.0,757690.0,1.0,1525674.0,63312.0
2025-12-16T19:52:51.572279,4,1.370425304951275,-1.3342903733772724,1.2075876328618311,417.0,31.0,1.0,1123912.0,1.0,2164944.0,82356.0
2025-12-16T19:52:52.272496,1,1.418732838531367,-1.2096859011832268,1.209829450934772,424.0,35.0,1.0,726058.0,1.0,1969868.0,67608.0
2025-12-16T19:52:52.373908,2,1.4262497971068253,-1.1926156933800989,1.2095799506215759,413.0,29.0,1.0,993976.0,1.0,1829759.0,69865.0
2025-12-16T19:52:52.472243,3,1.4327865164573568,-1.1746490544092967,1.2078299744728662,409.0,28.0,1.0,741204.0,1.0,1539680.0,64305.0
2025-12-16T19:52:52.572763,4,1.4390926589958881,-1.1569463136278604,1.208325077206142,424.0,34.0,1.0,1106924.0,1.0,2216097.0,81828.0
2025-12-16T19:52:53.273584,1,1.4812106871392579,-1.0359636802488525,1.2282196689481149,430.0,37.0,1.0,700709.0,1.0,1995366.0,67266.0
2025-12-16T19:52:53.372619,2,1.4723985312164622,-1.024642378024891,1.2656827798209,425.0,35.0,1.0,996670.0,1.0,1834099.0,69065.0
2025-12-16T19:52:53.471958,3,1.4779917109784082,-1.0063375376450043,1.2659058236779677,431.0,37.0,1.0,750290.0,1.0,1548564.0,62970.0
2025-12-16T19:52:53.573595,4,1.4836696674619583,-0.9882800215548355,1.2669134772171715,424.0,34.0,1.0,1111052.0,1.0,2159821.0,81800.0
2025-12-16T19:52:54.271849,1,1.5239697742674254,-0.8607301450758482,1.2602364345891741,420.0,33.0,1.0,739951.0,1.0,1942722.0,67860.0
2025-12-16T19:52:54.376099,2,1.5292605806920667,-0.8427655520930999,1.2629260625162824,427.0,36.0,1.0,1017117.0,1.0,1824811.0,68925.0
2025-12-16T19:52:54.473937,3,1.5351569454203948,-0.8247868461934988,1.2649020264739743,428.0,36.0,1.0,747249.0,1.0,1544377.0,63140.0
2025-12-16T19:52:54.573612,4,1.5410541229575316,-0.8065081794771931,1.2639280272317142,422.0,34.0,1.0,1098340.0,1.0,2130057.0,81939.0
2025-12-16T19:52:55.273806,1,1.5282496450158247,-0.7962366985826402,1.2749222648339331,419.0,32.0,1.0,723605.0,1.0,1968535.0,67929.0
2025-12-16T19:52:55.374460,2,1.5341278804123823,-0.7852487025512299,1.2645007717026966,422.0,34.0,1.0,980942.0,1.0,1827902.0,69229.0
2025-12-16T19:52:55.473079,4,1.5411417929705384,-0.7676253469099946,1.2673238246058292,439.0,41.0,1.0,1120493.0,1.0,2190742.0,80646.0
2025-12-16T19:52:56.272831,1,1.5873594333048695,-0.6143186510846963,1.2669951936194983,429.0,36.0,1.0,730495.0,1.0,1981905.0,67334.0
2025-12-16T19:52:56.373789,2,1.5936038445793306,-0.5937334830090509,1.2674957255897603,424.0,34.0,1.0,993976.0,1.0,1839694.0,69135.0
2025-12-16T19:52:56.471836,3,1.6002635529339422,-0.5722126304631834,1.2680373125027173,420.0,33.0,1.0,728766.0,1.0,1547516.0,63634.0
2025-12-16T19:52:56.573208,4,1.6070657101555763,-0.5500627476774224,1.270495797292624,429.0,37.0,1.0,1119735.0,1.0,2164211.0,81413.0
2025-12-16T19:52:57.272995,1,1.6193175023474486,-0.3910213679680391,1.3020306556162748,417.0,31.0,1.0,728766.0,1.0,1994691.0,68114.0
2025-12-16T19:52:57.373063,2,1.6170914899614925,-0.36687619268926064,1.3135124004284402,400.0,22.0,1.0,1002082.0,1.0,1842810.0,70985.0
2025-12-16T19:52:57.471729,3,1.6232932882313287,-0.341298436272046,1.3149450308562431,426.0,36.0,1.0,765423.0,1.0,1536556.0,63226.0
2025-12-16T19:52:57.574584,4,1.6298585487055908,-0.31600623389831584,1.3147215219845179,409.0,28.0,1.0,1097969.0,1.0,2222858.0,83027.0
2025-12-16T19:52:58.273086,2,1.6739300070189302,-0.1391925481545283,1.3075873259025028,416.0,31.0,1.0,1009572.0,1.0,1828521.0,69676.0
2025-12-16T19:52:58.373304,3,1.6805550852967595,-0.11420296974520511,1.30758459861924,410.0,28.0,1.0,748515.0,1.0,1556446.0,64218.0
2025-12-16T19:52:58.472940,4,1.6729317130588075,-0.089009568426212,1.3219515732335394,422.0,34.0,1.0,1116329.0,1.0,2197425.0,81939.0
2025-12-16T19:52:59.277361,1,1.6810311196643626,0.11131043598069246,1.346571816854441,419.0,32.0,1.0,725812.0,1.0,1962548.0,67929.0
2025-12-16T19:52:59.373448,2,1.6868571044891227,0.1370121640077983,1.3453304595730153,419.0,32.0,1.0,1025759.0,1.0,1847807.0,69440.0
2025-12-16T19:52:59.471182,3,1.6933390573123748,0.16299052529686803,1.347577832858408,421.0,33.0,1.0,754619.0,1.0,1531364.0,63591.0
2025-12-16T19:52:59.573234,4,1.6988981501557843,0.18846125512315476,1.3490142352099983,423.0,34.0,1.0,1120493.0,1.0,2160552.0,81856.0
2025-12-16T19:53:00.272246,1,1.7025091208095509,0.36927010993110276,1.3722176872518328,425.0,35.0,1.0,728520.0,1.0,1963212.0,67562.0
2025-12-16T19:53:00.372275,2,1.7071900223382253,0.3952570883278732,1.370759366381283,418.0,32.0,1.0,990952.0,1.0,1828521.0,69534.0
2025-12-16T19:53:00.473792,3,1.7119872902665307,0.4211012500108531,1.3715029109373365,433.0,39.0,1.0,745986.0,1.0,1558027.0,62799.0
2025-12-16T19:53:00.573529,4,1.7166045680225777,0.4465725793291132,1.3702270527867306,423.0,34.0,1.0,1118977.0,1.0,2175226.0,81856.0
2025-12-16T19:53:01.273493,1,1.700371540997903,0.5186407435365454,1.3957152794185943,427.0,36.0,1.0,709299.0,1.0,1947989.0,67425.0
2025-12-16T19:53:01.371841,2,1.700371540997903,0.5186407435365454,1.3957152794185943,426.0,35.0,1.0,995659.0,1.0,1842810.0,68972.0
2025-12-16T19:53:01.471864,3,1.704548665196398,0.5233749829296783,1.395008497182695,425.0,35.0,1.0,728520.0,1.0,1551712.0,63333.0
2025-12-16T19:53:01.572723,4,1.7116251398860036,0.5399848988420968,1.3831570934710748,420.0,33.0,1.0,1120493.0,1.0,2170079.0,82105.0
2025-12-16T19:53:02.272117,1,1.7433715391041336,0.73184016969836,1.390674613715361,434.0,39.0,1.0,720428.0,1.0,1959230.0,66993.0
2025-12-16T19:53:02.374179,2,1.7483815956642292,0.7559561430173971,1.3899089421651993,442.0,43.0,1.0,997345.0,1.0,1851563.0,67906.0
2025-12-16T19:53:02.472669,3,1.753540837181442,0.7806458935049425,1.3881782904167392,414.0,30.0,1.0,751052.0,1.0,1542287.0,63979.0
2025-12-16T19:53:02.573378,4,1.758192344206564,0.8061868986596841,1.386722249022385,407.0,27.0,1.0,1089086.0,1.0,2163479.0,83196.0
2025-12-16T19:53:03.271747,1,1.7348511862022606,0.980343384363342,1.4365140118584028,425.0,35.0,1.0,729507.0,1.0,2004165.0,67562.0
2025-12-16T19:53:03.374044,2,1.7341744181786163,0.9946856736339105,1.4370144620923988,419.0,32.0,1.0,992631.0,1.0,1827902.0,69464.0
2025-12-16T19:53:03.472788,3,1.7325922521120571,1.0004070382932078,1.442206754382986,414.0,30.0,1.0,743465.0,1.0,1550662.0,64023.0
2025-12-16T19:53:03.573769,4,1.7325803451797985,1.0003149528197763,1.4426891028698925,429.0,37.0,1.0,1114819.0,1.0,2158359.0,81413.0
2025-12-16T19:53:04.272969,1,1.709782776186435,0.9904170719509227,1.4134894884361289,410.0,28.0,1.0,724585.0,1.0,1971202.0,68530.0
2025-12-16T19:53:04.374757,2,1.7103263157677118,0.9849430003399254,1.3733944060435177,411.0,29.0,1.0,1017461.0,1.0,1851563.0,69959.0
2025-12-16T19:53:04.472237,3,1.712599392492341,0.9796627170366973,1.3219038689404168,429.0,37.0,1.0,754875.0,1.0,1542287.0,63098.0
2025-12-16T19:53:04.575554,4,1.715085650711723,0.9776301506444486,1.2663800369919687,422.0,33.0,1.0,1103557.0,1.0,2167143.0,81994.0
2025-12-16T19:53:05.273203,1,1.7145707576435776,0.9809048674444337,0.8615865571967856,427.0,36.0,1.0,728273.0,1.0,1980564.0,67403.0
2025-12-16T19:53:05.374736,2,1.7142156555641097,0.981157883370602,0.8017609243982396,443.0,43.0,1.0,990952.0,1.0,1841563.0,67837.0
2025-12-16T19:53:05.471884,3,1.7140543759797955,0.9799948680611373,0.7471690453316183,439.0,42.0,1.0,758460.0,1.0,1530328.0,62439.0
2025-12-16T19:53:05.573962,4,1.7135742851898517,0.9830711974145997,0.6996255399148228,440.0,42.0,1.0,1109549.0,1.0,2169345.0,80536.0
2025-12-16T19:53:06.272969,1,1.6992043401205903,1.013834316633494,0.31262033669272105,417.0,31.0,1.0,729507.0,1.0,1984590.0,68114.0
2025-12-16T19:53:06.373913,2,1.7063180883316367,1.0086149965221516,0.2561092290331936,431.0,37.0,1.0,1017461.0,1.0,1840940.0,68669.0
2025-12-16T19:53:06.472135,3,1.712859292832226,1.0050973070103486,0.20033919594774127,426.0,36.0,1.0,744220.0,1.0,1540201.0,63226.0
2025-12-16T19:53:06.571746,4,1.7137717129867536,1.0048729929025175,0.16098216609346092,418.0,32.0,1.0,1121252.0,1.0,2171548.0,82272.0
2025-12-16T19:53:07.272139,1,1.8961345088170272,0.9772679153800592,0.019364152844479714,427.0,36.0,1.0,724095.0,1.0,1953271.0,67425.0
2025-12-16T19:53:07.371546,3,1.9214893393596353,0.978459373659651,0.01764165868709577,417.0,31.0,1.0,763353.0,1.0,1558554.0,63806.0
2025-12-16T19:53:07.472546,4,1.944981052702884,0.9765768243419997,0.01607430705255528,407.0,27.0,1.0,1089086.0,1.0,2181124.0,83196.0
2025-12-16T19:53:08.273340,1,2.1161899371657147,0.9697390708494567,-0.06239282670443767,407.0,27.0,1.0,716295.0,1.0,2000099.0,68739.0
2025-12-16T19:53:08.374570,2,2.1188743733348714,0.9707373798984984,-0.10108405002116833,424.0,34.0,1.0,999035.0,1.0,1852817.0,69135.0
2025-12-16T19:53:08.473186,3,2.1165167932616247,0.9688776839292692,-0.13453054121864846,436.0,40.0,1.0,739200.0,1.0,1561194.0,62651.0
2025-12-16T19:53:08.575007,4,2.1107522048956118,0.9658042123085149,-0.18973902573764742,424.0,34.0,1.0,1116707.0,1.0,2187038.0,81800.0
2025-12-16T19:53:09.276106,1,2.1493414931288894,0.948850458765125,-0.5519556361352372,426.0,35.0,1.0,719210.0,1.0,1993341.0,67494.0
2025-12-16T19:53:09.373726,2,2.1727313048391035,0.9359175224428398,-0.5551825648847777,431.0,37.0,1.0,984601.0,1.0,1830998.0,68669.0
2025-12-16T19:53:09.471559,3,2.199897048891456,0.9211810871161923,-0.5539722309132888,430.0,37.0,1.0,752324.0,1.0,1537597.0,63034.0
2025-12-16T19:53:09.573565,4,2.2284387595721857,0.9014424139247291,-0.5594950806055087,414.0,30.0,1.0,1104304.0,1.0,2175963.0,82607.0
2025-12-16T19:53:10.275571,1,2.415986319575177,0.8066235003875476,-0.5608857810498941,432.0,38.0,1.0,721160.0,1.0,1973204.0,67107.0
2025-12-16T19:53:10.374176,2,2.438268759220401,0.7929721566520037,-0.5608955361655203,431.0,38.0,1.0,993303.0,1.0,1848432.0,68623.0
2025-12-16T19:53:10.473018,3,2.4603615710383147,0.7789084897430608,-0.5616340658706487,419.0,32.0,1.0,755897.0,1.0,1551712.0,63677.0
2025-12-16T19:53:10.571871,4,2.482857157952584,0.7644031410308202,-0.5631283695868601,439.0,41.0,1.0,1091300.0,1.0,2207862.0,80646.0
2025-12-16T19:53:11.275672,1,2.620915308711633,0.6827862081936301,-0.528524223113375,431.0,38.0,1.0,713875.0,1.0,1985934.0,67175.0
2025-12-16T19:53:11.373590,2,2.644412385118536,0.67001142250594,-0.5302813104184732,425.0,35.0,1.0,1005480.0,1.0,1841563.0,69065.0
2025-12-16T19:53:11.471865,3,2.667149772482358,0.6570107371645154,-0.5297764693065721,408.0,27.0,1.0,726058.0,1.0,1527224.0,64370.0
2025-12-16T19:53:11.572491,4,2.689735449723409,0.6440416647303554,-0.5329988624375049,418.0,32.0,1.0,1110301.0,1.0,2167877.0,82272.0
2025-12-16T19:53:12.273135,1,2.847117121771792,0.5529105650675055,-0.5432304780780166,424.0,34.0,1.0,723850.0,1.0,1979894.0,67654.0
2025-12-16T19:53:12.376835,2,2.8727741544288037,0.5606728137820642,-0.5158546277579543,419.0,32.0,1.0,1010597.0,1.0,1835962.0,69417.0
2025-12-16T19:53:12.473548,3,2.8885417989746682,0.5599613209732275,-0.528290109777485,446.0,45.0,1.0,741957.0,1.0,1537076.0,62018.0
2025-12-16T19:53:12.574549,4,2.8946712705783324,0.5572246154512803,-0.5663717422222401,422.0,34.0,1.0,1095741.0,1.0,2157629.0,81939.0
2025-12-16T19:53:13.271533,1,2.8863717039896324,0.5555717240077855,-0.9536307793028198,425.0,35.0,1.0,722137.0,1.0,1979894.0,67562.0
2025-12-16T19:53:13.372063,2,2.890080830773433,0.5557186144533295,-1.0064191402163445,414.0,30.0,1.0,990617.0,1.0,1822343.0,69747.0
2025-12-16T19:53:13.471666,3,2.8904626926829002,0.5559100024215511,-1.0613889069726368,416.0,31.0,1.0,731237.0,1.0,1544377.0,63871.0
2025-12-16T19:53:13.573808,4,2.8899199286264086,0.5571376137630877,-1.124145870334302,429.0,37.0,1.0,1125434.0,1.0,2166410.0,81413.0
2025-12-16T19:53:14.272254,1,2.890553310237229,0.52521817094722,-1.4242721443773423,417.0,31.0,1.0,719697.0,1.0,1934848.0,68067.0
2025-12-16T19:53:14.372356,2,2.897374982701145,0.4955382458683102,-1.425566998881185,417.0,31.0,1.0,996333.0,1.0,1823577.0,69581.0
2025-12-16T19:53:14.472842,4,2.9036651489071237,0.4654790152818551,-1.4260409853428992,415.0,30.0,1.0,1116329.0,1.0,2144524.0,82551.0
2025-12-16T19:53:15.271105,1,2.896892007328047,0.24241130024438096,-1.447383168141708,439.0,42.0,1.0,735208.0,1.0,1957241.0,66631.0
2025-12-16T19:53:15.375969,2,2.9002926353841154,0.2165428136181894,-1.4473814206331956,413.0,29.0,1.0,1025065.0,1.0,1862247.0,69865.0
2025-12-16T19:53:15.473141,3,2.904123300161062,0.19065475809667498,-1.448129808896127,433.0,38.0,1.0,759231.0,1.0,1548564.0,62842.0
2025-12-16T19:53:15.572533,4,2.9080372336404285,0.1648658131640638,-1.4478970878515485,431.0,38.0,1.0,1110676.0,1.0,2169345.0,81221.0
2025-12-16T19:53:16.273270,2,2.896782901491328,-0.012948769581462627,-1.4577608711069607,431.0,37.0,1.0,990282.0,1.0,1817415.0,68669.0
2025-12-16T19:53:16.373293,3,2.8990825186648514,-0.0387231589703636,-1.4590006873045094,439.0,41.0,1.0,749529.0,1.0,1551712.0,62460.0
2025-12-16T19:53:16.471772,4,2.901993991523874,-0.06467038186959528,-1.4590023331507256,424.0,34.0,1.0,1124292.0,1.0,2130057.0,81800.0
2025-12-16T19:53:17.274444,1,2.921922714762606,-0.26540806641523884,-1.4572983147696568,431.0,38.0,1.0,723360.0,1.0,1957241.0,67152.0
2025-12-16T19:53:17.373648,2,2.9180105964921066,-0.27953077894287076,-1.4562052468693645,419.0,32.0,1.0,1005480.0,1.0,1853444.0,69417.0
2025-12-16T19:53:17.473294,3,2.9213012568940866,-0.30548661226886203,-1.4552046368797713,445.0,44.0,1.0,724095.0,1.0,1541244.0,62123.0
2025-12-16T19:53:17.573132,4,2.924349628789327,-0.3310186455882913,-1.455670211836389,440.0,42.0,1.0,1092039.0,1.0,2177436.0,80536.0
2025-12-16T19:53:18.272884,1,2.9441040717267137,-0.45019165388869714,-1.450669902141193,421.0,33.0,1.0,720428.0,1.0,1955917.0,67814.0
2025-12-16T19:53:18.373227,2,2.9439134953733728,-0.45021614074382665,-1.4506773005885902,423.0,34.0,1.0,1008206.0,1.0,1823577.0,69159.0
2025-12-16T19:53:18.472576,3,2.956466186085248,-0.4605973407916075,-1.4493073618556802,445.0,44.0,1.0,768278.0,1.0,1531883.0,62081.0
2025-12-16T19:53:19.272920,1,2.9625574918011575,-0.6381993972088423,-1.544939773045958,423.0,34.0,1.0,733716.0,1.0,1991319.0,67700.0
2025-12-16T19:53:19.374805,2,2.9637233412197403,-0.6634001756381782,-1.545178673990434,421.0,33.0,1.0,1007865.0,1.0,1822343.0,69276.0
2025-12-16T19:53:19.472762,3,2.9644541178718247,-0.6882573043766618,-1.5456854858307556,439.0,41.0,1.0,742208.0,1.0,1542287.0,62481.0
2025-12-16T19:53:19.573470,4,2.964846302612414,-0.71299311738723,-1.5444564204728806,434.0,39.0,1.0,1108048.0,1.0,2158359.0,81056.0
2025-12-16T19:53:20.271917,1,2.9888327965237758,-0.8957168521389431,-1.5079777504699292,433.0,38.0,1.0,707142.0,1.0,1963212.0,67061.0
2025-12-16T19:53:20.373521,2,2.9920004146552834,-0.9222230682454308,-1.5074766865377949,429.0,37.0,1.0,1006160.0,1.0,1822343.0,68785.0
2025-12-16T19:53:20.472950,3,2.993831464910299,-0.9483742384029573,-1.5027708581149375,429.0,37.0,1.0,747755.0,1.0,1525158.0,63076.0
2025-12-16T19:53:20.574576,4,2.99589161624347,-0.9734072604277314,-1.4985831965939742,412.0,29.0,1.0,1117085.0,1.0,2153981.0,82803.0
2025-12-16T19:53:21.273384,1,3.001899042973302,-0.9867925896036457,-1.1715640177935136,437.0,40.0,1.0,721893.0,1.0,1961220.0,66789.0
2025-12-16T19:53:21.372470,2,3.0018176363708062,-0.9877750821114604,-1.1128037918574765,437.0,41.0,1.0,983601.0,1.0,1837206.0,68229.0
2025-12-16T19:53:21.471071,3,3.0124244110563616,-0.9895602441707096,-1.0386832233049585,452.0,47.0,1.0,756153.0,1.0,1550662.0,61704.0
2025-12-16T19:53:21.572148,4,3.024352534262254,-0.9904058985685227,-0.9681631972417597,424.0,35.0,1.0,1108423.0,1.0,2160552.0,81772.0
2025-12-16T19:53:22.272603,1,3.0374260684369068,-1.0004703709901062,-0.5655721431235813,421.0,33.0,1.0,729754.0,1.0,1978554.0,67837.0
2025-12-16T19:53:22.373559,2,3.037717584271001,-0.9996431423075273,-0.5111811106729033,423.0,34.0,1.0,1005820.0,1.0,1838450.0,69182.0
2025-12-16T19:53:22.472250,3,3.047112505131406,-0.9992632839163489,-0.431628644129618,424.0,34.0,1.0,737950.0,1.0,1543332.0,63397.0
2025-12-16T19:53:22.571816,4,3.06501560077271,-0.9972381513296504,-0.3456149441004609,434.0,39.0,1.0,1130014.0,1.0,2160552.0,81001.0
2025-12-16T19:53:23.273141,1,3.1028066476825558,-0.9769747341736763,0.10892059538934973,415.0,30.0,1.0,718480.0,1.0,1973204.0,68229.0
2025-12-16T19:53:23.372853,2,3.1102321212814092,-0.9710224773137703,0.1642774250185209,421.0,33.0,1.0,1001065.0,1.0,1857840.0,69276.0
2025-12-16T19:53:23.471054,3,3.1232173521589077,-0.9708042581566653,0.19589798469696798,431.0,38.0,1.0,769319.0,1.0,1524641.0,62948.0
2025-12-16T19:53:23.572226,4,3.1456343761520413,-0.9679555266310234,0.2198754528963409,416.0,31.0,1.0,1092039.0,1.0,2118553.0,82467.0
2025-12-16T19:53:24.272922,1,3.3584803916610344,-0.9019823642752788,0.2517486102214134,431.0,38.0,1.0,728273.0,1.0,1972537.0,67175.0
2025-12-16T19:53:24.374545,2,3.3822733881790077,-0.8967943616939267,0.25299253907171454,425.0,35.0,1.0,998696.0,1.0,1827902.0,69065.0
2025-12-16T19:53:24.472196,3,3.406965710308911,-0.8890894815078604,0.25176927539180555,412.0,29.0,1.0,756153.0,1.0,1544377.0,64131.0
2025-12-16T19:53:24.573872,4,3.418529809844314,-0.8697702997450887,0.27216432553651937,427.0,36.0,1.0,1112181.0,1.0,2146703.0,81551.0
2025-12-16T19:53:25.273310,1,3.4709553468028496,-0.8544498208405636,0.5103076065465086,439.0,42.0,1.0,727534.0,1.0,1936813.0,66631.0
2025-12-16T19:53:25.374581,2,3.4694666401955536,-0.8541895663256148,0.5704273300052427,401.0,24.0,1.0,1027497.0,1.0,1866664.0,70649.0
2025-12-16T19:53:25.472710,3,3.4691826609407435,-0.8528996027262853,0.6312900799210447,422.0,33.0,1.0,755130.0,1.0,1538117.0,63505.0
2025-12-16T19:53:25.573067,4,3.4701543428129535,-0.8507914044425159,0.6888499363422446,423.0,34.0,1.0,1112558.0,1.0,2130057.0,81911.0
2025-12-16T19:53:26.273418,1,3.4468110314807667,-0.8377911363038022,1.109183100573732,432.0,38.0,1.0,720672.0,1.0,1963212.0,67107.0
2025-12-16T19:53:26.375708,2,3.4476567590870957,-0.8373409751097982,1.1675691119620475,431.0,38.0,1.0,981606.0,1.0,1814956.0,68623.0
2025-12-16T19:53:26.473036,3,3.4476474725491633,-0.8374987724151262,1.2197850665269419,423.0,34.0,1.0,748261.0,1.0,1526707.0,63462.0
2025-12-16T19:53:26.573404,4,3.4680819970910406,-0.8281538937246212,1.2852360996373409,442.0,43.0,1.0,1126196.0,1.0,2213099.0,80373.0
2025-12-16T19:53:27.272183,1,3.5309660187043974,-0.6329972284637353,1.371729772325456,430.0,37.0,1.0,723360.0,1.0,1977885.0,67243.0
2025-12-16T19:53:27.377336,2,3.536974706773028,-0.5928012630053814,1.3773586781316516,426.0,35.0,1.0,994312.0,1.0,1837827.0,68972.0
2025-12-16T19:53:27.473155,3,3.542069251167754,-0.5670534179305227,1.3770775814548504,422.0,33.0,1.0,755897.0,1.0,1544377.0,63505.0
2025-12-16T19:53:27.575186,4,3.547646130782407,-0.5431091702185404,1.377079782653436,427.0,36.0,1.0,1121252.0,1.0,2170814.0,81551.0
2025-12-16T19:53:28.273594,1,3.5817216463962924,-0.3634665568260518,1.3755535283488811,419.0,32.0,1.0,722871.0,1.0,1963212.0,67975.0
2025-12-16T19:53:28.375672,2,3.587266326488962,-0.33839810934537473,1.3770726362250905,419.0,32.0,1.0,1005820.0,1.0,1837827.0,69464.0
2025-12-16T19:53:28.472638,3,3.5923045580715467,-0.31256424508333613,1.3753471736034417,432.0,38.0,1.0,764387.0,1.0,1522064.0,62885.0
2025-12-16T19:53:28.572749,4,3.597530717421419,-0.2875180345539363,1.3751559605813384,407.0,27.0,1.0,1114065.0,1.0,2132221.0,83168.0
2025-12-16T19:53:29.274118,1,3.5956274981044714,-0.08999407897385003,1.405499118946158,433.0,38.0,1.0,722871.0,1.0,1973872.0,67061.0
2025-12-16T19:53:29.372965,2,3.6001466773771416,-0.06424209369662903,1.4057229437985161,422.0,34.0,1.0,987939.0,1.0,1827284.0,69229.0
2025-12-16T19:53:29.472161,3,3.6041855616128986,-0.03885116071948547,1.4042162025368405,411.0,28.0,1.0,744220.0,1.0,1565427.0,64196.0
2025-12-16T19:53:29.574751,4,3.6085272707712908,-0.012899927641708775,1.4047083615504505,439.0,41.0,1.0,1128485.0,1.0,2167143.0,80646.0
2025-12-16T19:53:30.273030,1,3.603981860036516,0.09261454707716621,1.606445022097562,413.0,30.0,1.0,723360.0,1.0,1987952.0,68321.0
2025-12-16T19:53:30.374710,3,3.6028671336416904,0.12138674452280473,1.61331453391808,425.0,35.0,1.0,754109.0,1.0,1530328.0,63333.0
2025-12-16T19:53:30.473157,4,3.600798249069391,0.15058954066682162,1.614056101523422,440.0,42.0,1.0,1124673.0,1.0,2175226.0,80536.0
2025-12-16T19:53:31.273824,1,3.592642234537732,0.3608683995177566,1.5991574927329584,428.0,36.0,1.0,734959.0,1.0,1951949.0,67357.0
2025-12-16T19:53:31.374039,2,3.582909380824796,0.3876174934357395,1.6172655551486537,403.0,25.0,1.0,1009913.0,1.0,1844682.0,70506.0
2025-12-16T19:53:31.471557,3,3.565420772166549,0.4132056428397237,1.6437894668919928,430.0,37.0,1.0,756665.0,1.0,1554340.0,63012.0
2025-12-16T19:53:31.573794,4,3.5633096377449305,0.43876562139541475,1.6425553821013332,412.0,29.0,1.0,1132695.0,1.0,2173019.0,82803.0
2025-12-16T19:53:32.273304,1,3.552428748001246,0.6197249954214321,1.6425243918986119,427.0,36.0,1.0,729754.0,1.0,1979894.0,67403.0
2025-12-16T19:53:32.377088,2,3.5511026245728012,0.6455748705287161,1.6417665004649882,416.0,31.0,1.0,1001743.0,1.0,1815571.0,69629.0
2025-12-16T19:53:32.472997,3,3.548921739979427,0.6720618585733336,1.6407527892260954,410.0,28.0,1.0,735954.0,1.0,1549613.0,64240.0
2025-12-16T19:53:32.576181,4,3.546703913608295,0.6980818485585321,1.6385445950676156,429.0,37.0,1.0,1136919.0,1.0,2154710.0,81441.0
2025-12-16T19:53:33.273485,1,3.4615222723739842,0.8758512081697551,1.6838153622343424,425.0,35.0,1.0,721893.0,1.0,1975878.0,67562.0
2025-12-16T19:53:33.371897,2,3.4591858264578645,0.9018568802442646,1.6860500912191565,423.0,34.0,1.0,1017117.0,1.0,1835341.0,69182.0
2025-12-16T19:53:33.472320,3,3.456242117277383,0.9273564051332168,1.686061879891672,426.0,36.0,1.0,761805.0,1.0,1534997.0,63226.0
2025-12-16T19:53:33.573639,4,3.4539216380658164,0.9521143610437814,1.6858406454103712,407.0,27.0,1.0,1098340.0,1.0,2164944.0,83196.0
2025-12-16T19:53:34.271773,1,3.4058112031238355,1.0434077963010102,1.7101465475988122,414.0,30.0,1.0,724585.0,1.0,1999423.0,68298.0
2025-12-16T19:53:34.372805,2,3.4058112031238355,1.0434077963010102,1.7101465475988122,421.0,33.0,1.0,1001743.0,1.0,1849058.0,69323.0
2025-12-16T19:53:34.472904,4,3.4064605231648737,1.0446036336463846,1.7039683470261358,449.0,46.0,1.0,1118599.0,1.0,2170079.0,79858.0
2025-12-16T19:53:35.271381,2,3.4114984292345656,1.0509187593638671,1.2953534345662407,400.0,19.0,1.0,999711.0,1.0,1827902.0,71564.0
2025-12-16T19:53:35.373463,3,3.4102361289588212,1.052001022057575,1.2380193928725078,415.0,30.0,1.0,747755.0,1.0,1548564.0,63915.0
2025-12-16T19:53:35.471874,4,3.41014232889912,1.0517009389098861,1.1805506090239812,428.0,36.0,1.0,1110676.0,1.0,2122860.0,81524.0
2025-12-16T19:53:36.273002,1,3.369577522101114,1.04775357610109,0.7631425650720128,421.0,33.0,1.0,713875.0,1.0,1974541.0,67814.0
2025-12-16T19:53:36.373421,2,3.3529644669654877,1.0544933212727696,0.7238169094284324,421.0,33.0,1.0,1012994.0,1.0,1843434.0,69323.0
2025-12-16T19:53:36.472562,3,3.345825124915966,1.0568450161136447,0.6624200793949698,433.0,38.0,1.0,758204.0,1.0,1539159.0,62842.0
2025-12-16T19:53:36.573812,4,3.346196361572959,1.055588085004234,0.6043958383662908,447.0,45.0,1.0,1130397.0,1.0,2177436.0,80047.0
2025-12-16T19:53:37.274390,1,3.3410223128653627,1.045916149650802,0.13525268409342311,426.0,35.0,1.0,731980.0,1.0,1964542.0,67494.0
2025-12-16T19:53:37.371457,2,3.3413795353287004,1.0473499146590375,0.07766711254124216,434.0,39.0,1.0,986936.0,1.0,1830998.0,68483.0
2025-12-16T19:53:37.472674,3,3.33859823780236,1.0383441103471394,0.015877243742660627,437.0,40.0,1.0,754364.0,1.0,1544377.0,62608.0
2025-12-16T19:53:37.572940,4,3.343510019011628,1.0229517116372406,-0.030336950364290086,422.0,34.0,1.0,1133078.0,1.0,2171548.0,81939.0
2025-12-16T19:53:38.272277,1,3.5406937218522296,1.003172174775858,-0.06533419837481116,433.0,39.0,1.0,725076.0,1.0,1975209.0,67016.0
2025-12-16T19:53:38.372417,2,3.5709230180322336,0.9991718613420133,-0.07171889944527583,423.0,34.0,1.0,996333.0,1.0,1860357.0,69182.0
2025-12-16T19:53:38.473003,3,3.5950541929813395,0.9970510996469972,-0.07742689643591277,420.0,33.0,1.0,745733.0,1.0,1522064.0,63612.0
2025-12-16T19:53:38.573333,4,3.619752115412037,0.9955828910039566,-0.07469000984423982,425.0,35.0,1.0,1101691.0,1.0,2190000.0,81717.0
2025-12-16T19:53:39.273287,1,3.8025528268876645,0.9837683121778817,-0.07299426003966641,428.0,36.0,1.0,737950.0,1.0,1963212.0,67357.0
2025-12-16T19:53:39.373805,2,3.827813797148744,0.9811094907894784,-0.0742290564348233,413.0,30.0,1.0,1000049.0,1.0,1853444.0,69865.0
2025-12-16T19:53:39.471810,3,3.8513239138919793,0.9800288539723487,-0.07972012533846784,439.0,41.0,1.0,752324.0,1.0,1545422.0,62481.0
2025-12-16T19:53:39.573890,4,3.8630081195141033,0.9816232368536166,-0.11157772180437935,405.0,26.0,1.0,1125434.0,1.0,2186297.0,83365.0
2025-12-16T19:53:40.273585,1,3.8568201675560383,0.9802567233606685,-0.4619705820566918,430.0,37.0,1.0,716537.0,1.0,1974541.0,67243.0
2025-12-16T19:53:40.372721,2,3.857487888318171,0.980613367874517,-0.5282298352414844,417.0,31.0,1.0,989277.0,1.0,1826047.0,69629.0
2025-12-16T19:53:40.473064,3,3.8601740281269366,0.9812668317438975,-0.5703628162263099,428.0,36.0,1.0,744220.0,1.0,1546469.0,63140.0
2025-12-16T19:53:40.571828,4,3.8619869758014644,0.9821754879005749,-0.6249273602649731,425.0,35.0,1.0,1116707.0,1.0,2164211.0,81717.0
2025-12-16T19:53:41.274357,1,3.859422500173334,0.9759989176227788,-1.0223451767534557,420.0,32.0,1.0,731237.0,1.0,2000099.0,67906.0
2025-12-16T19:53:41.373470,2,3.8558999516330528,0.9721910979218453,-1.0842517027733511,418.0,32.0,1.0,1032377.0,1.0,1879342.0,69534.0
2025-12-16T19:53:41.471554,3,3.8558165768964208,0.9721443361976538,-1.1463663944818692,434.0,39.0,1.0,757178.0,1.0,1538117.0,62778.0
2025-12-16T19:53:41.573479,4,3.856109509782312,0.9715940768590969,-1.2072111593309949,430.0,37.0,1.0,1149689.0,1.0,2221353.0,81331.0
2025-12-16T19:53:42.273014,1,3.875021797225857,0.9160569491882007,-1.5686908373035438,427.0,36.0,1.0,740702.0,1.0,1977885.0,67448.0
2025-12-16T19:53:42.374011,2,3.8751982313394944,0.8894470203746869,-1.5741410707970616,425.0,35.0,1.0,991959.0,1.0,1820493.0,69089.0
2025-12-16T19:53:42.472542,3,3.9050142854429875,0.847207544679875,-1.5673409738205104,408.0,27.0,1.0,755386.0,1.0,1558554.0,64370.0
2025-12-16T19:53:42.572892,4,3.9141492352116827,0.8137285099494278,-1.565224582357103,435.0,39.0,1.0,1131162.0,1.0,2160552.0,80974.0
2025-12-16T19:53:43.272927,1,3.9241785675585725,0.6186242996293765,-1.5837994120099106,424.0,35.0,1.0,729507.0,1.0,1997393.0,67608.0
2025-12-16T19:53:43.373380,2,3.923687385098876,0.5919951024204706,-1.5825415080433436,420.0,33.0,1.0,999373.0,1.0,1849058.0,69417.0
2025-12-16T19:53:43.472575,3,3.9239658258692223,0.5656508104215621,-1.5800555286572202,429.0,37.0,1.0,753089.0,1.0,1552763.0,63098.0
2025-12-16T19:53:43.572889,4,3.9241498714221663,0.5388664762563273,-1.5793114078288304,420.0,33.0,1.0,1140388.0,1.0,2167877.0,82105.0
2025-12-16T19:53:44.272092,1,3.921434521274279,0.35811497487474053,-1.5830135189294592,433.0,39.0,1.0,740201.0,1.0,1970535.0,67016.0
2025-12-16T19:53:44.374486,2,3.91402018818365,0.32283264669704037,-1.5696862116946864,413.0,30.0,1.0,1007524.0,1.0,1826047.0,69865.0
2025-12-16T19:53:44.472972,3,3.911835914108581,0.2938820868683436,-1.565321062107142,428.0,36.0,1.0,748768.0,1.0,1534477.0,63140.0
2025-12-16T19:53:44.573080,4,3.9114104606433187,0.26772294041481937,-1.5663167277226053,441.0,42.0,1.0,1124292.0,1.0,2175963.0,80455.0
2025-12-16T19:53:45.273326,1,3.9122668295854472,0.08642575385316364,-1.5613428825045126,443.0,43.0,1.0,713875.0,1.0,1975878.0,66406.0
2025-12-16T19:53:45.373545,2,3.913153245377811,0.06000791105404035,-1.5601210334126845,420.0,33.0,1.0,992631.0,1.0,1806988.0,69393.0
2025-12-16T19:53:45.472642,3,3.907398744025258,0.03618545091731251,-1.5536297897237012,452.0,47.0,1.0,746238.0,1.0,1528258.0,61704.0
2025-12-16T19:53:45.573483,4,3.899466860717364,0.014065520420388111,-1.544669691577028,432.0,38.0,1.0,1119735.0,1.0,2146703.0,81193.0
2025-12-16T19:53:46.272592,1,3.908051546442074,-0.12075055514553945,-1.542950916640544,435.0,40.0,1.0,704752.0,1.0,1969868.0,66903.0
2025-12-16T19:53:46.373926,2,3.9080984159444476,-0.1207949303262259,-1.5427138289879447,430.0,37.0,1.0,1022294.0,1.0,1849684.0,68739.0
2025-12-16T19:53:46.473068,3,3.9080984159444476,-0.1207949303262259,-1.5427138289879447,432.0,38.0,1.0,755642.0,1.0,1536556.0,62863.0
2025-12-16T19:53:46.573495,4,3.9080984159444476,-0.1207949303262259,-1.5427138289879447,436.0,40.0,1.0,1123151.0,1.0,2194452.0,80864.0
2025-12-16T19:53:47.272552,1,3.9079691694757175,-0.2649468060975724,-1.5105933921449248,446.0,45.0,1.0,734461.0,1.0,1957904.0,66204.0
2025-12-16T19:53:47.374190,2,3.9098086273974104,-0.2907878735316136,-1.5110806083672201,441.0,42.0,1.0,984601.0,1.0,1843434.0,68044.0
2025-12-16T19:53:47.472307,3,3.9108818251426865,-0.31520015864531903,-1.5125723389294734,414.0,30.0,1.0,754619.0,1.0,1552763.0,63979.0
2025-12-16T19:53:47.574720,4,3.9117119683307298,-0.3389278235198989,-1.5110991981219395,432.0,38.0,1.0,1129632.0,1.0,2132943.0,81138.0
2025-12-16T19:53:48.272420,1,3.9223334922184128,-0.5196572037499649,-1.5120810371416578,432.0,38.0,1.0,708819.0,1.0,1952610.0,67107.0
2025-12-16T19:53:48.376675,2,3.9237718944870768,-0.5451633904961517,-1.513302862921121,429.0,37.0,1.0,1001065.0,1.0,1838450.0,68809.0
2025-12-16T19:53:48.472296,3,3.9257121664285908,-0.5715931168676065,-1.5150441975406213,426.0,35.0,1.0,723360.0,1.0,1545422.0,63269.0
2025-12-16T19:53:49.277332,1,3.944696362715212,-0.7819441372354334,-1.4992128146440646,414.0,30.0,1.0,729507.0,1.0,1966537.0,68298.0
2025-12-16T19:53:49.371941,2,3.946594573768055,-0.8079650761978692,-1.4999742572970036,421.0,33.0,1.0,1007865.0,1.0,1834720.0,69323.0
2025-12-16T19:53:49.472084,3,3.948538556605217,-0.8343132177708967,-1.5004564793265796,434.0,39.0,1.0,755130.0,1.0,1523610.0,62736.0
2025-12-16T19:53:49.573576,4,3.9496093174802915,-0.8596570389205311,-1.5002062975623405,436.0,40.0,1.0,1092039.0,1.0,2149611.0,80837.0
2025-12-16T19:53:50.272946,1,3.9991149612936607,-0.9233341958678756,-1.2579131251837576,427.0,36.0,1.0,734710.0,1.0,1980564.0,67448.0
2025-12-16T19:53:50.373841,2,3.996944392378062,-0.9228826287804499,-1.2023849418525527,419.0,32.0,1.0,1001743.0,1.0,1840940.0,69511.0
2025-12-16T19:53:50.472148,3,3.9956629854608896,-0.9226336466868232,-1.14421104684806,431.0,37.0,1.0,743213.0,1.0,1564367.0,62970.0
2025-12-16T19:53:50.573289,4,3.9953987070412604,-0.9232407225642991,-1.0771936539618108,431.0,38.0,1.0,1123151.0,1.0,2201892.0,81248.0
2025-12-16T19:53:51.275476,1,4.026828194168,-0.9290513935291271,-0.6538244728264287,427.0,36.0,1.0,727288.0,1.0,1975878.0,67448.0
2025-12-16T19:53:51.372608,2,4.026325648578976,-0.9297596260859895,-0.5903274709034341,400.0,24.0,1.0,1026801.0,1.0,1833479.0,70793.0
2025-12-16T19:53:51.471545,3,4.0250078029622856,-0.9303757522972946,-0.5340130322129549,431.0,37.0,1.0,756922.0,1.0,1532401.0,62970.0
2025-12-16T19:53:51.574178,4,4.033056286109425,-0.9305161094528867,-0.47222101521453574,442.0,43.0,1.0,1112558.0,1.0,2167143.0,80427.0
2025-12-16T19:53:52.273337,1,4.204706823009474,-0.9637149859281999,-0.3064355941070842,429.0,37.0,1.0,740953.0,1.0,1973872.0,67311.0
2025-12-16T19:53:52.373540,2,4.235032722558296,-0.9542919299539616,-0.2853452252123729,425.0,35.0,1.0,1008206.0,1.0,1834720.0,69089.0
2025-12-16T19:53:52.471129,3,4.261163611964223,-0.9569829153077092,-0.2797985604530792,427.0,36.0,1.0,747249.0,1.0,1552763.0,63183.0
2025-12-16T19:53:52.572713,4,4.285270924230182,-0.9641419154435671,-0.2805621329117994,448.0,46.0,1.0,1106549.0,1.0,2169345.0,79939.0
2025-12-16T19:53:53.273863,1,4.50719014163998,-0.9960385247115184,-0.2601526637957355,428.0,36.0,1.0,723850.0,1.0,2000776.0,67334.0
2025-12-16T19:53:53.373699,3,4.532499890711384,-1.0026588835819208,-0.26236953054146406,430.0,37.0,1.0,761289.0,1.0,1547516.0,63012.0
2025-12-16T19:53:53.471628,4,4.557087232878733,-1.0093307474001583,-0.2611147790228564,419.0,32.0,1.0,1135381.0,1.0,2170079.0,82189.0
2025-12-16T19:53:54.272619,2,4.604472506611324,-1.0170497909167968,0.02430275183766491,418.0,32.0,1.0,998696.0,1.0,1842187.0,69534.0
2025-12-16T19:53:54.373610,4,4.60577635109886,-1.0136848715801254,0.08738447776112064,419.0,32.0,1.0,1098712.0,1.0,2196681.0,82189.0
2025-12-16T19:53:55.272643,1,4.591948934922728,-0.996129865195307,0.5982298424674024,426.0,35.0,1.0,728273.0,1.0,1978554.0,67517.0
2025-12-16T19:53:55.373569,2,4.592594493730621,-0.9977876306535218,0.6521747715905384,412.0,29.0,1.0,1004459.0,1.0,1862247.0,69959.0
2025-12-16T19:53:55.474258,3,4.593170440385177,-0.9968994717084194,0.710791814540865,423.0,34.0,1.0,759488.0,1.0,1527224.0,63440.0
2025-12-16T19:53:55.573067,4,4.596741431743584,-0.9900214653614312,0.7893099076018864,418.0,32.0,1.0,1115197.0,1.0,2173754.0,82300.0
2025-12-16T19:53:56.271908,1,4.617791569155403,-0.9746783371987631,1.2040132875392278,434.0,39.0,1.0,728520.0,1.0,1977216.0,66948.0
2025-12-16T19:53:56.371629,2,4.629609748814488,-0.9638694884460666,1.2634921938589778,427.0,36.0,1.0,1006501.0,1.0,1828521.0,68925.0
2025-12-16T19:53:56.474094,3,4.628529668474215,-0.964007779562178,1.3187850512522565,406.0,26.0,1.0,760002.0,1.0,1538117.0,64501.0
2025-12-16T19:53:56.575055,4,4.628066547183357,-0.9638771629322727,1.3817977306350389,427.0,36.0,1.0,1117842.0,1.0,2159821.0,81551.0
2025-12-16T19:53:57.273002,1,4.663700177380734,-0.7899417557798896,1.5232276950870764,422.0,34.0,1.0,719697.0,1.0,1966537.0,67746.0
2025-12-16T19:53:57.373107,2,4.665428354697494,-0.7626250675822486,1.5233988540804435,416.0,31.0,1.0,1034125.0,1.0,1867296.0,69676.0
2025-12-16T19:53:57.471499,3,4.66777257794502,-0.7309923618636214,1.5464111291224185,431.0,38.0,1.0,753598.0,1.0,1554866.0,62927.0
2025-12-16T19:53:57.574930,4,4.668724103911357,-0.7056887727388661,1.549212760880504,405.0,26.0,1.0,1123531.0,1.0,2179648.0,83365.0
2025-12-16T19:53:58.272309,1,4.67360309202261,-0.5236719268409296,1.536110441171577,422.0,34.0,1.0,734959.0,1.0,1976546.0,67746.0
2025-12-16T19:53:58.372959,2,4.6751219108375945,-0.49726212752203613,1.5341255253171455,416.0,31.0,1.0,996670.0,1.0,1800274.0,69652.0
2025-12-16T19:53:58.472621,3,4.676720119097486,-0.4717451915834072,1.5356245832732967,430.0,37.0,1.0,756922.0,1.0,1552237.0,63012.0
2025-12-16T19:53:58.573821,4,4.678181514990846,-0.44603787210744983,1.5370899850131934,418.0,32.0,1.0,1138845.0,1.0,2166410.0,82300.0
2025-12-16T19:53:59.272319,1,4.625207975927871,-0.32203581400505543,1.4560191114430021,416.0,31.0,1.0,734461.0,1.0,2010279.0,68160.0
2025-12-16T19:53:59.373656,2,4.625851806573143,-0.32623111845296116,1.3909236214379972,429.0,37.0,1.0,998359.0,1.0,1840940.0,68809.0
2025-12-16T19:53:59.475557,3,4.628086623488603,-0.32861926981951495,1.322665374305124,420.0,33.0,1.0,733220.0,1.0,1527741.0,63612.0
2025-12-16T19:53:59.571891,4,4.6290964435304485,-0.33120908402524973,1.2601121432595648,404.0,25.0,1.0,1097969.0,1.0,2216847.0,83450.0
2025-12-16T19:54:00.271882,1,4.58620814893777,-0.33735009086991097,0.8929773474625371,416.0,31.0,1.0,732228.0,1.0,1982576.0,68137.0
2025-12-16T19:54:00.373520,2,4.580140107899295,-0.34057235030009814,0.8411173878528622,423.0,34.0,1.0,1010255.0,1.0,1827284.0,69229.0
2025-12-16T19:54:00.476034,3,4.578648185947888,-0.3413671259555886,0.7831983782585061,422.0,34.0,1.0,750290.0,1.0,1540201.0,63483.0
2025-12-16T19:54:00.574788,4,4.583911049794068,-0.3384194599765844,0.7319133315438491,429.0,37.0,1.0,1120873.0,1.0,2191483.0,81413.0
2025-12-16T19:54:01.271320,1,4.682623855418088,-0.23907331400361098,0.6897748384484366,410.0,28.0,1.0,723360.0,1.0,1987279.0,68553.0
2025-12-16T19:54:01.372212,2,4.701573923778302,-0.2234660805679347,0.6872928923358103,424.0,34.0,1.0,1005480.0,1.0,1856583.0,69135.0
2025-12-16T19:54:01.473126,3,4.714456604557766,-0.21648991171120757,0.683781615748734,420.0,33.0,1.0,748261.0,1.0,1538638.0,63591.0
2025-12-16T19:54:01.573149,4,4.725451955953838,-0.2141373611763595,0.6795763158282181,410.0,28.0,1.0,1106924.0,1.0,2205621.0,82943.0
2025-12-16T19:54:02.271901,1,4.868808669308114,-0.099349827527905,0.6792743402737028,400.0,22.0,1.0,731980.0,1.0,1971869.0,69440.0
2025-12-16T19:54:02.373405,2,4.889067978883362,-0.08379537212160093,0.6775236095478232,422.0,34.0,1.0,1016085.0,1.0,1857840.0,69276.0
2025-12-16T19:54:02.472581,3,4.909387488639988,-0.06808120326170553,0.6765632130906212,436.0,40.0,1.0,761289.0,1.0,1559082.0,62651.0
2025-12-16T19:54:02.574625,4,4.929645423523151,-0.052604736459471724,0.6763150984944556,421.0,33.0,1.0,1123912.0,1.0,2224363.0,82077.0
2025-12-16T19:54:03.272000,1,5.024596371024008,0.017618580947585283,0.5787508475247289,438.0,41.0,1.0,740201.0,1.0,1991993.0,66744.0
2025-12-16T19:54:03.374808,2,5.024813618103802,0.016536614929292703,0.5378822444994883,424.0,34.0,1.0,995322.0,1.0,1842810.0,69159.0
2025-12-16T19:54:03.471112,3,5.022839942546513,0.013915047000313319,0.48042264240892585,430.0,37.0,1.0,759488.0,1.0,1555919.0,63012.0
2025-12-16T19:54:03.573775,4,5.020997306625452,0.012632202280815186,0.42102142190966946,435.0,39.0,1.0,1132695.0,1.0,2180386.0,80974.0
2025-12-16T19:54:04.272287,1,5.008520022851105,0.033991692248121375,0.08601894227604873,416.0,31.0,1.0,722871.0,1.0,1999423.0,68160.0
2025-12-16T19:54:04.374056,2,5.008419362870706,0.034076370216407526,0.08650212604417622,426.0,35.0,1.0,1026454.0,1.0,1840940.0,68995.0
2025-12-16T19:54:04.472001,3,5.008419362870706,0.03407637021640797,0.08650212604417622,439.0,41.0,1.0,736204.0,1.0,1533439.0,62460.0
2025-12-16T19:54:04.572561,4,5.007552702922642,0.03823160089771216,0.0877401292610637,425.0,35.0,1.0,1096855.0,1.0,2222858.0,81717.0
2025-12-16T19:54:05.271559,1,4.991196546262348,0.04306790885807965,0.10450216517748233,424.0,34.0,1.0,714358.0,1.0,1959893.0,67631.0
2025-12-16T19:54:05.373702,2,4.991196546262348,0.04306790885807965,0.10450216517748233,437.0,40.0,1.0,1014023.0,1.0,1868560.0,68298.0
2025-12-16T19:54:05.472536,3,4.991196546262348,0.04306790885807965,0.10450216517748233,418.0,32.0,1.0,779541.0,1.0,1541244.0,63742.0
2025-12-16T19:54:05.572726,4,4.991196546262348,0.04306790885807965,0.10450216517748233,420.0,32.0,1.0,1132311.0,1.0,2218348.0,82161.0
2025-12-16T19:54:06.273014,1,4.991196546262348,0.04306790885807965,0.10450216517748233,419.0,32.0,1.0,737201.0,1.0,1986606.0,67975.0
2025-12-16T19:54:06.373794,2,4.991196546262348,0.04306790885807965,0.10450216517748233,412.0,29.0,1.0,999373.0,1.0,1848432.0,69983.0
2025-12-16T19:54:06.473094,3,4.991196546262348,0.04306790885807965,0.10450216517748233,401.0,24.0,1.0,738200.0,1.0,1552237.0,64786.0
2025-12-16T19:54:06.574960,4,4.991196546262348,0.04306790885807965,0.10450216517748233,431.0,38.0,1.0,1126959.0,1.0,2167143.0,81276.0
2025-12-16T19:54:07.274403,1,4.991196546262348,0.04306790885807965,0.10450216517748233,427.0,36.0,1.0,720428.0,1.0,1990645.0,67403.0
2025-12-16T19:54:07.373867,2,4.991196546262348,0.04306790885807965,0.10450216517748233,425.0,35.0,1.0,1024025.0,1.0,1869193.0,69065.0
2025-12-16T19:54:07.472578,3,4.991196546262348,0.04306790885807965,0.10450216517748233,420.0,33.0,1.0,760774.0,1.0,1539159.0,63612.0
2025-12-16T19:54:07.574094,4,4.991196546262348,0.043067908858080095,0.10450216517748233,422.0,34.0,1.0,1130014.0,1.0,2196681.0,81966.0
2025-12-16T19:54:08.272956,1,4.991196546262348,0.04306790885807965,0.10450216517748233,426.0,35.0,1.0,730495.0,1.0,1980564.0,67517.0
2025-12-16T19:54:08.374531,2,4.991196546262348,0.04306790885807965,0.10450216517748233,428.0,36.0,1.0,997008.0,1.0,1838450.0,68879.0
2025-12-16T19:54:08.474444,3,4.991196546262348,0.04306790885807965,0.10450216517748233,425.0,35.0,1.0,754875.0,1.0,1535516.0,63312.0
2025-12-16T19:54:08.574630,4,4.991196546262348,0.04306790885807965,0.10450216517748233,412.0,29.0,1.0,1123531.0,1.0,2182601.0,82747.0
2025-12-16T19:54:09.272997,1,4.991196546262348,0.04306790885807965,0.10450216517748233,405.0,26.0,1.0,716537.0,1.0,1989298.0,68879.0
2025-12-16T19:54:09.372318,2,4.991196546262348,0.04306790885807965,0.10450216517748233,418.0,32.0,1.0,1033076.0,1.0,1841563.0,69534.0
2025-12-16T19:54:09.471196,3,4.991196546262348,0.04306790885807965,0.10450216517748233,421.0,33.0,1.0,758204.0,1.0,1529810.0,63569.0
2025-12-16T19:54:09.576611,4,4.991196546262348,0.04306790885807965,0.10450216517748233,427.0,36.0,1.0,1112558.0,1.0,2171548.0,81579.0
2025-12-16T19:54:10.273133,1,4.991196546262348,0.04306790885807965,0.10450216517748233,422.0,34.0,1.0,730248.0,1.0,1973872.0,67746.0
2025-12-16T19:54:10.373406,2,4.991196546262348,0.04306790885807965,0.10450216517748233,416.0,31.0,1.0,1007524.0,1.0,1867296.0,69699.0
2025-12-16T19:54:10.472734,3,4.991196546262348,0.04306790885807965,0.10450216517748233,427.0,36.0,1.0,749021.0,1.0,1534997.0,63183.0
2025-12-16T19:54:10.573450,4,4.991196546262348,0.04306790885807965,0.10450216517748233,430.0,37.0,1.0,1117842.0,1.0,2207115.0,81331.0
2025-12-16T19:54:11.272515,1,4.991196546262348,0.04306790885807965,0.10450216517748233,429.0,37.0,1.0,736453.0,1.0,2006880.0,67311.0
2025-12-16T19:54:11.375519,2,4.991196546262348,0.04306790885807965,0.10450216517748233,404.0,25.0,1.0,998696.0,1.0,1829140.0,70530.0
2025-12-16T19:54:11.472602,3,4.991196546262348,0.04306790885807965,0.10450216517748233,421.0,33.0,1.0,753854.0,1.0,1546469.0,63569.0
2025-12-16T19:54:11.573402,4,4.991196546262348,0.04306790885807965,0.10450216517748233,412.0,29.0,1.0,1115197.0,1.0,2182601.0,82747.0
2025-12-16T19:54:12.271514,1,4.991196546262348,0.04306790885807965,0.10450216517748233,424.0,34.0,1.0,724585.0,1.0,1989298.0,67654.0
2025-12-16T19:54:12.371284,2,4.991196546262348,0.04306790885807965,0.10450216517748233,435.0,40.0,1.0,1040093.0,1.0,1855955.0,68391.0
2025-12-16T19:54:12.471238,3,4.991196546262348,0.04306790885807965,0.10450216517748233,440.0,42.0,1.0,760517.0,1.0,1542287.0,62418.0
2025-12-16T19:54:12.571783,4,4.991196546262348,0.04306790885807965,0.10450216517748233,419.0,32.0,1.0,1097969.0,1.0,2196681.0,82189.0
2025-12-16T19:54:13.273292,2,4.991196546262348,0.04306790885807965,0.10450216517748233,421.0,33.0,1.0,1003100.0,1.0,1849058.0,69346.0
2025-12-16T19:54:13.375150,4,4.991196546262348,0.04306790885807965,0.10450216517748233,436.0,40.0,1.0,1130397.0,1.0,2185558.0,80892.0
